campaign_id,brand_id,campaign_name,start_date,end_date,budget,objective
1,20,Campaign_001,2025-04-18,2025-05-16,121708.72,Conversions
2,17,Campaign_002,2025-09-08,2025-10-01,455034.83,Awareness
3,3,Campaign_003,2025-11-21,2025-12-25,418940.34,Awareness
4,1,Campaign_004,2025-06-20,2025-07-05,327628.85,Conversions
5,6,Campaign_005,2026-01-15,2026-02-19,287048.2,App Installs
6,18,Campaign_006,2025-01-05,2025-01-19,60740.83,Engagement
7,18,Campaign_007,2025-01-19,2025-02-18,301692.04,Engagement
8,14,Campaign_008,2025-03-07,2025-03-16,171422.72,Awareness
9,12,Campaign_009,2025-04-18,2025-05-10,341793.37,Conversions
10,18,Campaign_010,2026-03-29,2026-05-01,487572.59,Engagement
11,8,Campaign_011,2026-03-19,2026-04-05,488697.87,Engagement
12,14,Campaign_012,2025-01-13,2025-01-31,374868.12,Conversions
13,14,Campaign_013,2026-02-15,2026-03-09,151732.71,Awareness
14,13,Campaign_014,2026-03-23,2026-04-01,432831.79,Engagement
15,7,Campaign_015,2026-02-23,2026-03-31,191087.75,Engagement
16,8,Campaign_016,2025-01-13,2025-02-01,214271.34,Conversions
17,3,Campaign_017,2026-05-11,2026-06-04,191794.41,Lead Generation
18,13,Campaign_018,2025-12-14,2026-01-24,182296.19,Awareness
19,4,Campaign_019,2026-03-26,2026-04-18,109819.71,Conversions
20,2,Campaign_020,2025-02-25,2025-04-11,231417.79,Conversions
21,14,Campaign_021,2025-11-07,2025-12-16,79931.75,Lead Generation
22,7,Campaign_022,2025-05-11,2025-05-20,361673.01,Awareness
23,17,Campaign_023,2026-04-19,2026-05-30,351257.14,Engagement
24,12,Campaign_024,2025-08-09,2025-08-20,475715.38,Conversions
25,20,Campaign_025,2025-06-10,2025-06-24,366883.27,Conversions
26,17,Campaign_026,2025-06-08,2025-07-11,179936.88,Conversions
27,18,Campaign_027,2025-03-07,2025-03-26,224712.01,App Installs
28,6,Campaign_028,2025-11-12,2025-12-25,167951.19,Lead Generation
29,1,Campaign_029,2025-06-05,2025-06-30,124836.78,Lead Generation
30,20,Campaign_030,2025-12-02,2025-12-29,245869.39,App Installs
31,7,Campaign_031,2025-09-19,2025-10-26,402024.31,Engagement
32,3,Campaign_032,2025-05-26,2025-07-04,340330.57,Lead Generation
33,11,Campaign_033,2025-02-17,2025-03-11,344577.94,Engagement
34,7,Campaign_034,2025-03-17,2025-03-25,46951.52,App Installs
35,20,Campaign_035,2026-03-12,2026-03-23,241322.68,Lead Generation
36,7,Campaign_036,2026-01-03,2026-02-03,259829.16,Engagement
37,5,Campaign_037,2025-12-02,2025-12-09,449013.42,Awareness
38,14,Campaign_038,2025-04-23,2025-05-11,406952.18,Lead Generation
39,15,Campaign_039,2025-01-26,2025-03-09,143369.18,Awareness
40,15,Campaign_040,2025-03-10,2025-04-15,342099.42,Lead Generation
41,20,Campaign_041,2025-06-12,2025-07-17,316009.85,Lead Generation
42,14,Campaign_042,2026-03-02,2026-04-13,236808.97,Engagement
43,16,Campaign_043,2025-08-19,2025-09-11,382093.97,Conversions
44,17,Campaign_044,2025-09-06,2025-09-28,155433.79,Awareness
45,10,Campaign_045,2025-05-01,2025-05-25,184527.58,Lead Generation
46,3,Campaign_046,2025-03-12,2025-03-28,134849.2,Engagement
47,7,Campaign_047,2025-02-02,2025-03-07,218609.7,Lead Generation
48,15,Campaign_048,2025-08-01,2025-08-11,123246.34,App Installs
49,13,Campaign_049,2026-04-09,2026-05-23,474379.47,Awareness
50,19,Campaign_050,2025-07-14,2025-08-20,27800.64,Conversions
51,10,Campaign_051,2026-01-21,2026-02-21,430387.78,App Installs
52,18,Campaign_052,2026-01-18,2026-02-28,404937.38,Engagement
53,16,Campaign_053,2025-04-23,2025-05-17,232022.09,Awareness
54,13,Campaign_054,2025-06-22,2025-07-24,368986.15,App Installs
55,5,Campaign_055,2025-11-15,2025-12-26,37809.06,App Installs
56,19,Campaign_056,2025-10-16,2025-10-24,64875.04,App Installs
57,5,Campaign_057,2026-03-20,2026-04-25,111321.29,Conversions
58,13,Campaign_058,2025-06-17,2025-07-07,240982.18,Conversions
59,13,Campaign_059,2025-05-23,2025-06-25,144828.98,Awareness
60,16,Campaign_060,2025-01-10,2025-02-20,49740.66,Conversions
61,8,Campaign_061,2025-11-29,2025-12-10,396085.7,Awareness
62,1,Campaign_062,2026-05-02,2026-05-24,119696.32,Awareness
63,20,Campaign_063,2025-03-20,2025-04-11,84954.96,Awareness
64,19,Campaign_064,2026-05-01,2026-05-21,245891.14,Conversions
65,12,Campaign_065,2025-03-27,2025-05-11,313442.56,Awareness
66,6,Campaign_066,2026-05-09,2026-06-04,76346.91,Awareness
67,10,Campaign_067,2025-10-22,2025-11-22,213410.86,Engagement
68,3,Campaign_068,2025-10-31,2025-11-22,73403.12,Conversions
69,20,Campaign_069,2026-02-17,2026-03-03,403207.93,Lead Generation
70,2,Campaign_070,2025-06-27,2025-08-07,228479.56,Conversions
71,3,Campaign_071,2025-09-17,2025-10-15,31009.77,App Installs
72,16,Campaign_072,2025-02-24,2025-03-30,481374.09,App Installs
73,5,Campaign_073,2025-08-11,2025-08-29,373552.77,Conversions
74,20,Campaign_074,2026-02-18,2026-03-31,392954.69,App Installs
75,14,Campaign_075,2026-02-27,2026-04-12,152487.88,Engagement
76,3,Campaign_076,2025-05-23,2025-06-27,140835.13,App Installs
77,19,Campaign_077,2025-11-09,2025-12-10,184788.39,App Installs
78,11,Campaign_078,2025-04-04,2025-05-12,125756.93,Conversions
79,11,Campaign_079,2025-05-24,2025-07-08,358062.28,Conversions
80,18,Campaign_080,2025-01-06,2025-02-15,475329.72,Awareness
