payment_id,campaign_creator_id,amount_paid,payment_date,payment_status
1,1,48063.38,2026-05-07,Paid
2,2,32314.99,2026-04-02,Partially Paid
3,3,26170.9,2025-11-09,Paid
4,4,0,,Not Paid
5,5,0,,Not Paid
6,6,25767.8,2025-04-22,Partially Paid
7,7,30215.15,2025-03-25,Paid
8,8,26904.12,2025-05-24,Paid
9,9,0,,Not Paid
10,10,0,,Not Paid
11,11,0,,Not Paid
12,12,32292.21,2025-09-27,Paid
13,13,22714.21,2025-03-19,Paid
14,14,66057.52,2026-06-04,Paid
15,15,65188.23,2026-02-19,Paid
16,16,0.0,,Pending
17,17,16412.19,2025-09-24,Paid
18,18,0,,Pending
19,19,0.0,,Pending
20,20,17355.15,2026-02-06,Paid
21,21,64288.98,2025-10-25,Paid
22,22,0,,Not Paid
23,23,85828.3,2026-04-21,Paid
24,24,89501.29,2026-02-11,Paid
25,25,25425.47,2026-05-30,Partially Paid
26,26,82497.36,2025-09-02,Paid
27,27,0.0,,Pending
28,28,0,,Not Paid
29,29,86728.92,2026-04-02,Paid
30,30,29700.98,2025-07-03,Paid
31,31,20878.68,2026-05-11,Paid
32,32,4109.7,2025-02-11,Partially Paid
33,33,0.0,,Pending
34,34,0,,Pending
35,35,0,,Not Paid
36,36,62217.01,2025-03-06,Paid
37,37,20217.13,2026-01-14,Paid
38,38,75783.76,2025-02-13,Paid
39,39,12890.32,2026-06-15,Paid
40,40,0,,Not Paid
41,41,16467.74,2026-02-02,Partially Paid
42,42,0,,Not Paid
43,43,26139.24,2026-04-11,Partially Paid
44,44,0.0,,Pending
45,45,0,,Not Paid
46,46,56144.08,2025-11-28,Paid
47,47,89964.94,2026-06-18,Paid
48,48,35007.02,2025-09-27,Partially Paid
49,49,0.0,,Pending
50,50,43731.26,2026-01-23,Partially Paid
51,51,36532.81,2025-03-21,Paid
52,52,34326.78,2026-01-21,Paid
53,53,64881.24,2026-06-13,Paid
54,54,31165.92,2025-12-28,Partially Paid
55,55,15220.9,2026-05-14,Paid
56,56,0,,Pending
57,57,0,,Not Paid
58,58,45882.06,2026-05-29,Paid
59,59,0.0,,Pending
60,60,0,,Pending
61,61,18743.08,2025-08-24,Paid
62,62,0.0,,Pending
63,63,0,,Not Paid
64,64,33481.51,2025-08-05,Paid
65,65,53284.62,2025-07-11,Paid
66,66,17303.81,2026-01-06,Paid
67,67,61112.19,2025-08-24,Paid
68,68,32921.88,2025-12-05,Partially Paid
69,69,0.0,,Pending
70,70,0,,Not Paid
71,71,0,,Pending
72,72,15326.15,2026-05-06,Partially Paid
73,73,0,,Not Paid
74,74,0,,Not Paid
75,75,0.0,,Pending
76,76,0.0,,Pending
77,77,26280.63,2025-01-23,Partially Paid
78,78,84493.88,2025-02-14,Paid
79,79,88423.52,2025-06-14,Paid
80,80,54887.41,2026-06-09,Paid
81,81,0.0,,Pending
82,82,39658.46,2025-02-27,Paid
83,83,48616.95,2025-09-22,Paid
84,84,0,,Not Paid
85,85,0.0,,Pending
86,86,0,,Pending
87,87,41618.25,2025-10-18,Paid
88,88,72085.07,2025-08-10,Paid
89,89,0,,Pending
90,90,0,,Not Paid
91,91,0,,Pending
92,92,0,,Pending
93,93,89788.93,2025-08-13,Paid
94,94,0,,Pending
95,95,70350.31,2025-07-06,Paid
96,96,10373.67,2025-06-21,Paid
97,97,73283.76,2026-04-10,Paid
98,98,0.0,,Pending
99,99,0,,Not Paid
100,100,21938.66,2026-01-23,Paid
101,101,28989.17,2025-05-16,Partially Paid
102,102,58816.25,2025-01-17,Paid
103,103,0,,Not Paid
104,104,0.0,,Pending
105,105,0,,Pending
106,106,0.0,,Pending
107,107,0,,Not Paid
108,108,0.0,,Pending
109,109,0.0,,Pending
110,110,0,,Pending
111,111,39271.87,2026-06-29,Paid
112,112,55134.58,2025-04-06,Paid
113,113,0,,Pending
114,114,78935.53,2026-07-07,Paid
115,115,0,,Not Paid
116,116,73758.42,2026-03-18,Paid
117,117,0,,Not Paid
118,118,0,,Pending
119,119,59451.56,2025-02-14,Paid
120,120,0,,Pending
121,121,15390.94,2026-05-09,Paid
122,122,17395.49,2025-12-25,Partially Paid
123,123,72494.05,2026-03-12,Paid
124,124,51529.89,2025-09-18,Paid
125,125,37812.28,2025-08-27,Partially Paid
126,126,87325.49,2025-10-18,Paid
127,127,0,,Pending
128,128,69840.42,2025-07-13,Paid
129,129,0.0,,Pending
130,130,0,,Not Paid
131,131,18134.28,2026-06-20,Paid
132,132,63171.93,2026-06-17,Paid
133,133,0.0,,Pending
134,134,0,,Not Paid
135,135,0,,Not Paid
136,136,0,,Pending
137,137,41480.26,2025-11-20,Paid
138,138,0,,Pending
139,139,16478.95,2025-04-20,Partially Paid
140,140,17521.88,2026-03-13,Paid
141,141,0,,Not Paid
142,142,42368.39,2025-09-25,Paid
143,143,0,,Pending
144,144,10682.74,2025-10-10,Paid
145,145,12908.06,2025-07-28,Partially Paid
146,146,0,,Pending
147,147,0,,Pending
148,148,30622.28,2026-01-15,Paid
149,149,0,,Pending
150,150,12147.44,2025-11-11,Paid
151,151,27972.65,2026-02-12,Paid
152,152,72532.2,2025-05-02,Paid
153,153,70742.9,2026-04-03,Paid
154,154,27105.89,2025-04-13,Paid
155,155,0,,Not Paid
156,156,78389.3,2026-06-05,Paid
157,157,0,,Pending
158,158,62206.73,2025-02-23,Paid
159,159,72778.74,2026-02-03,Paid
160,160,56285.94,2025-04-04,Paid
161,161,0.0,,Pending
162,162,0,,Pending
163,163,28340.31,2025-04-01,Partially Paid
164,164,0,,Not Paid
165,165,0,,Not Paid
166,166,32733.69,2025-09-27,Paid
167,167,0.0,,Pending
168,168,33208.46,2025-03-23,Partially Paid
169,169,0,,Not Paid
170,170,0,,Not Paid
171,171,52965.23,2026-01-29,Paid
172,172,24727.6,2026-06-18,Partially Paid
173,173,16132.63,2025-02-28,Paid
174,174,0,,Not Paid
175,175,67108.87,2026-05-22,Paid
176,176,17896.19,2025-01-11,Partially Paid
177,177,40695.88,2026-06-15,Paid
178,178,33628.96,2025-07-19,Paid
179,179,62538.84,2026-06-07,Paid
180,180,46889.97,2025-06-23,Paid
181,181,76205.29,2026-01-04,Paid
182,182,18669.47,2025-01-01,Paid
183,183,0,,Not Paid
184,184,54058.04,2025-03-30,Paid
185,185,20843.15,2026-02-14,Partially Paid
186,186,57233.63,2026-02-09,Paid
187,187,0,,Pending
188,188,77320.62,2026-06-15,Paid
189,189,17420.6,2025-03-12,Paid
190,190,0.0,,Pending
191,191,0,,Not Paid
192,192,84184.91,2025-12-23,Paid
193,193,30408.17,2025-10-11,Paid
194,194,0,,Not Paid
195,195,61902.26,2025-07-19,Paid
196,196,0,,Pending
197,197,25749.79,2025-01-05,Partially Paid
198,198,33554.26,2025-06-29,Paid
199,199,0,,Not Paid
200,200,0,,Pending
201,201,0,,Not Paid
